{
    "loss": 18.77578353881836,
    "accuracy": 0.690077006816864
}