{
    "loss": 13.496739387512207,
    "accuracy": 0.690077006816864
}